type,name,extra
schema,core,
schema,information_schema,
schema,logs,
schema,pg_catalog,
schema,pg_toast,
schema,processed,
schema,public,
schema,release,
schema,report,
schema,source,
table,logs.image_processing_events,BASE TABLE
table,logs.juno_transfers,BASE TABLE
table,processed.batch_event_summary,VIEW
table,processed.batch_processing_status,BASE TABLE
table,processed.batch_summary,VIEW
table,processed.batches,BASE TABLE
table,processed.camera_stats,VIEW
table,processed.completed_stages,VIEW
table,processed.error_events,VIEW
table,processed.event_summary_24h,VIEW
table,processed.events,BASE TABLE
table,processed.failed_images_by_batch,VIEW
table,processed.failed_stages,VIEW
table,processed.images,BASE TABLE
table,processed.images_with_detections,VIEW
table,processed.in_progress_stages,VIEW
table,processed.pending_images_by_batch,VIEW
table,processed.recent_events,VIEW
table,processed.stage_events,VIEW
table,processed.stage_status,BASE TABLE
table,processed.v_batch_processing_summary,VIEW
table,processed.v_batches_ready_for_dng,VIEW
table,processed.v_batches_ready_for_jpg,VIEW
table,processed.warning_events,VIEW
table,report.batch_pipeline_status,VIEW
table,report.batches_needing_jpg_to_metadata,VIEW
table,report.batches_needing_metadata_to_cutouts,VIEW
table,report.batches_needing_raw_to_jpg,VIEW
table,report.files_needing_jpg_to_metadata,VIEW
table,report.files_needing_metadata_to_cutouts,VIEW
table,report.files_needing_raw_to_jpg,VIEW
table,report.pipeline_gap_summary,VIEW
table,source.globus_file_index,BASE TABLE
view,information_schema._pg_foreign_data_wrappers,
view,information_schema._pg_foreign_servers,
view,information_schema._pg_foreign_table_columns,
view,information_schema._pg_foreign_tables,
view,information_schema._pg_user_mappings,
view,information_schema.administrable_role_authorizations,
view,information_schema.applicable_roles,
view,information_schema.attributes,
view,information_schema.character_sets,
view,information_schema.check_constraint_routine_usage,
view,information_schema.check_constraints,
view,information_schema.collation_character_set_applicability,
view,information_schema.collations,
view,information_schema.column_column_usage,
view,information_schema.column_domain_usage,
view,information_schema.column_options,
view,information_schema.column_privileges,
view,information_schema.column_udt_usage,
view,information_schema.columns,
view,information_schema.constraint_column_usage,
view,information_schema.constraint_table_usage,
view,information_schema.data_type_privileges,
view,information_schema.domain_constraints,
view,information_schema.domain_udt_usage,
view,information_schema.domains,
view,information_schema.element_types,
view,information_schema.enabled_roles,
view,information_schema.foreign_data_wrapper_options,
view,information_schema.foreign_data_wrappers,
view,information_schema.foreign_server_options,
view,information_schema.foreign_servers,
view,information_schema.foreign_table_options,
view,information_schema.foreign_tables,
view,information_schema.information_schema_catalog_name,
view,information_schema.key_column_usage,
view,information_schema.parameters,
view,information_schema.referential_constraints,
view,information_schema.role_column_grants,
view,information_schema.role_routine_grants,
view,information_schema.role_table_grants,
view,information_schema.role_udt_grants,
view,information_schema.role_usage_grants,
view,information_schema.routine_column_usage,
view,information_schema.routine_privileges,
view,information_schema.routine_routine_usage,
view,information_schema.routine_sequence_usage,
view,information_schema.routine_table_usage,
view,information_schema.routines,
view,information_schema.schemata,
view,information_schema.sequences,
view,information_schema.table_constraints,
view,information_schema.table_privileges,
view,information_schema.tables,
view,information_schema.transforms,
view,information_schema.triggered_update_columns,
view,information_schema.triggers,
view,information_schema.udt_privileges,
view,information_schema.usage_privileges,
view,information_schema.user_defined_types,
view,information_schema.user_mapping_options,
view,information_schema.user_mappings,
view,information_schema.view_column_usage,
view,information_schema.view_routine_usage,
view,information_schema.view_table_usage,
view,information_schema.views,
view,pg_catalog.pg_available_extension_versions,
view,pg_catalog.pg_available_extensions,
view,pg_catalog.pg_backend_memory_contexts,
view,pg_catalog.pg_config,
view,pg_catalog.pg_cursors,
view,pg_catalog.pg_file_settings,
view,pg_catalog.pg_group,
view,pg_catalog.pg_hba_file_rules,
view,pg_catalog.pg_ident_file_mappings,
view,pg_catalog.pg_indexes,
view,pg_catalog.pg_locks,
view,pg_catalog.pg_matviews,
view,pg_catalog.pg_policies,
view,pg_catalog.pg_prepared_statements,
view,pg_catalog.pg_prepared_xacts,
view,pg_catalog.pg_publication_tables,
view,pg_catalog.pg_replication_origin_status,
view,pg_catalog.pg_replication_slots,
view,pg_catalog.pg_roles,
view,pg_catalog.pg_rules,
view,pg_catalog.pg_seclabels,
view,pg_catalog.pg_sequences,
view,pg_catalog.pg_settings,
view,pg_catalog.pg_shadow,
view,pg_catalog.pg_shmem_allocations,
view,pg_catalog.pg_stat_activity,
view,pg_catalog.pg_stat_all_indexes,
view,pg_catalog.pg_stat_all_tables,
view,pg_catalog.pg_stat_archiver,
view,pg_catalog.pg_stat_bgwriter,
view,pg_catalog.pg_stat_database,
view,pg_catalog.pg_stat_database_conflicts,
view,pg_catalog.pg_stat_gssapi,
view,pg_catalog.pg_stat_progress_analyze,
view,pg_catalog.pg_stat_progress_basebackup,
view,pg_catalog.pg_stat_progress_cluster,
view,pg_catalog.pg_stat_progress_copy,
view,pg_catalog.pg_stat_progress_create_index,
view,pg_catalog.pg_stat_progress_vacuum,
view,pg_catalog.pg_stat_recovery_prefetch,
view,pg_catalog.pg_stat_replication,
view,pg_catalog.pg_stat_replication_slots,
view,pg_catalog.pg_stat_slru,
view,pg_catalog.pg_stat_ssl,
view,pg_catalog.pg_stat_subscription,
view,pg_catalog.pg_stat_subscription_stats,
view,pg_catalog.pg_stat_sys_indexes,
view,pg_catalog.pg_stat_sys_tables,
view,pg_catalog.pg_stat_user_functions,
view,pg_catalog.pg_stat_user_indexes,
view,pg_catalog.pg_stat_user_tables,
view,pg_catalog.pg_stat_wal,
view,pg_catalog.pg_stat_wal_receiver,
view,pg_catalog.pg_stat_xact_all_tables,
view,pg_catalog.pg_stat_xact_sys_tables,
view,pg_catalog.pg_stat_xact_user_functions,
view,pg_catalog.pg_stat_xact_user_tables,
view,pg_catalog.pg_statio_all_indexes,
view,pg_catalog.pg_statio_all_sequences,
view,pg_catalog.pg_statio_all_tables,
view,pg_catalog.pg_statio_sys_indexes,
view,pg_catalog.pg_statio_sys_sequences,
view,pg_catalog.pg_statio_sys_tables,
view,pg_catalog.pg_statio_user_indexes,
view,pg_catalog.pg_statio_user_sequences,
view,pg_catalog.pg_statio_user_tables,
view,pg_catalog.pg_stats,
view,pg_catalog.pg_stats_ext,
view,pg_catalog.pg_stats_ext_exprs,
view,pg_catalog.pg_tables,
view,pg_catalog.pg_timezone_abbrevs,
view,pg_catalog.pg_timezone_names,
view,pg_catalog.pg_user,
view,pg_catalog.pg_user_mappings,
view,pg_catalog.pg_views,
view,processed.batch_event_summary,
view,processed.batch_summary,
view,processed.camera_stats,
view,processed.completed_stages,
view,processed.error_events,
view,processed.event_summary_24h,
view,processed.failed_images_by_batch,
view,processed.failed_stages,
view,processed.images_with_detections,
view,processed.in_progress_stages,
view,processed.pending_images_by_batch,
view,processed.recent_events,
view,processed.stage_events,
view,processed.v_batch_processing_summary,
view,processed.v_batches_ready_for_dng,
view,processed.v_batches_ready_for_jpg,
view,processed.warning_events,
view,report.batch_pipeline_status,
view,report.batches_needing_jpg_to_metadata,
view,report.batches_needing_metadata_to_cutouts,
view,report.batches_needing_raw_to_jpg,
view,report.files_needing_jpg_to_metadata,
view,report.files_needing_metadata_to_cutouts,
view,report.files_needing_raw_to_jpg,
view,report.pipeline_gap_summary,
